{"proportion_delivered": 99.99383912734672, "demands_fully_met": 99.78323699421965, "peak_current": 735.5525903316421, "demand_charge": 2372.9515006171046, "energy_cost": 2433.003407307664, "total_cost": 4805.954907924768}