{"energy": 2964.1340823453775, "demand_charge": 1779.805794804508, "charger_congestion": 368.89448914554515, "network_congestion": 201.68895894898506, "session_price": 5314.5233252376565, "total": 5314.523325244409, "energy_delivered": 21484.507701388546, "energy_requested": 21484.507701388862}