{"energy_cost": 2964.134082345376, "demand_charge": 1779.8057948005871, "total_cost": 4743.939877145964}