{"proportion_delivered": 99.99997019782143, "demands_fully_met": 100.0, "peak_current": 747.4618847694949, "demand_charge": 2411.3718372171716, "energy_cost": 2646.4415115251486, "total_cost": 5057.81334874232}