{"energy": 1778.079872955759, "demand_charge": 1477.3681834912722, "charger_congestion": 168.27358283161516, "network_congestion": 81.47647780466065, "session_price": 3505.19811248868, "total": 3505.1981170833014, "energy_delivered": 23126.487943302658, "energy_requested": 23126.48794333329}