{"energy_cost": 1778.0798729557578, "demand_charge": 1477.3681812360887, "total_cost": 3255.4480541918465}