{"proportion_delivered": 99.9998431618062, "demands_fully_met": 100.0, "peak_current": 226.37765716961476, "demand_charge": 730.3124322417507, "energy_cost": 648.160837510793, "total_cost": 1378.4732697525437}