{"proportion_delivered": 99.98242391506166, "demands_fully_met": 99.37888198757764, "peak_current": 561.7653136506431, "demand_charge": 1812.2998430620669, "energy_cost": 1445.3905650885674, "total_cost": 3257.6904081506345}