{"energy_cost": 632.1915286272607, "demand_charge": 595.708338530157, "total_cost": 1227.8998671574177}