{"proportion_delivered": 99.9970807551803, "demands_fully_met": 100.0, "peak_current": 215.70568676348032, "demand_charge": 695.8838019539286, "energy_cost": 691.835930694308, "total_cost": 1387.7197326482365}