{"proportion_delivered": 99.99996730354603, "demands_fully_met": 100.0, "peak_current": 185.20838010975686, "demand_charge": 597.4970509044844, "energy_cost": 652.8338707110535, "total_cost": 1250.3309216155378}