{"proportion_delivered": 99.99049264464466, "demands_fully_met": 99.56268221574344, "peak_current": 498.86595197693197, "demand_charge": 1609.3814703537405, "energy_cost": 1507.219206260921, "total_cost": 3116.6006766146616}