{"energy": 1523.8504589634, "demand_charge": 1395.1086798076142, "charger_congestion": 137.86972192224601, "network_congestion": 52.103935055644406, "session_price": 3108.932795727865, "total": 3108.9327957489068, "energy_delivered": 19757.442466666555, "energy_requested": 19757.442466666704}