{"energy_cost": 1523.8504589634015, "demand_charge": 1395.1086798002175, "total_cost": 2918.959138763619}