{"energy": 2733.1445681608934, "demand_charge": 1714.5847273716015, "charger_congestion": 313.66658377151214, "network_congestion": 169.71705920702263, "session_price": 4931.112936819942, "total": 4931.112938511024, "energy_delivered": 19871.978946101204, "energy_requested": 19871.978946111136}