{"energy_cost": 2733.144568160891, "demand_charge": 1714.5847264851554, "total_cost": 4447.729294646047}