{"proportion_delivered": 99.99694822400575, "demands_fully_met": 100.0, "peak_current": 198.49026300538176, "demand_charge": 640.345467676402, "energy_cost": 858.6426215921599, "total_cost": 1498.988089268562}