{"energy": 1877.8049797291906, "demand_charge": 1557.2290227782019, "charger_congestion": 150.6624221181153, "network_congestion": 35.94323317747868, "session_price": 3621.639611826323, "total": 3621.639657802988, "energy_delivered": 24617.651124687276, "energy_requested": 24617.651124999964}