{"energy_cost": 1877.8049797291912, "demand_charge": 1557.2289981683646, "total_cost": 3435.033977897556}