{"proportion_delivered": 99.98897282034225, "demands_fully_met": 99.20520231213872, "peak_current": 738.8888582167258, "demand_charge": 2383.7145677158146, "energy_cost": 2446.1381712016305, "total_cost": 4829.852738917445}