{"proportion_delivered": 99.99246710645396, "demands_fully_met": 99.66865473823724, "peak_current": 755.8067302185176, "demand_charge": 2438.2929762233553, "energy_cost": 2663.7643512210566, "total_cost": 5102.057327444412}