{"proportion_delivered": 99.99166142838679, "demands_fully_met": 99.56268221574344, "peak_current": 505.750382873331, "demand_charge": 1631.5911951799953, "energy_cost": 1509.9996570582555, "total_cost": 3141.5908522382506}