{"proportion_delivered": 99.98433632676799, "demands_fully_met": 99.60629921259843, "peak_current": 621.6904781482831, "demand_charge": 2005.6232177446132, "energy_cost": 1700.734563518292, "total_cost": 3706.357781262905}