{"proportion_delivered": 99.99709275572009, "demands_fully_met": 100.0, "peak_current": 262.3137109594584, "demand_charge": 846.2450166520895, "energy_cost": 755.9973279284296, "total_cost": 1602.242344580519}