{"energy": 2795.3086821702987, "demand_charge": 1726.0457387612832, "charger_congestion": 273.4776571719846, "network_congestion": 198.03142971722994, "session_price": 4992.861812489075, "total": 4992.863507820796, "energy_delivered": 20033.615510009957, "energy_requested": 20033.615519999985}