{"energy_cost": 2795.308682170299, "demand_charge": 1726.044844603174, "total_cost": 4521.353526773473}