{"proportion_delivered": 99.99733802276806, "demands_fully_met": 99.85704074338814, "peak_current": 469.29086537174084, "demand_charge": 1513.9698749584659, "energy_cost": 1570.7833012266083, "total_cost": 3084.753176185074}