{"proportion_delivered": 99.99986141611285, "demands_fully_met": 100.0, "peak_current": 222.56619394196218, "demand_charge": 718.0163469522855, "energy_cost": 628.2289576250537, "total_cost": 1346.245304577339}