{"energy": 1090.2358291377534, "demand_charge": 1320.5440471661855, "charger_congestion": 100.4026447119146, "network_congestion": 67.26022061252499, "session_price": 2578.442741528444, "total": 2578.442741628376, "energy_delivered": 14159.753333332777, "energy_requested": 14159.753333333321}