{"energy_cost": 1090.235829137751, "demand_charge": 1320.5440471235754, "total_cost": 2410.7798762613265}