{"proportion_delivered": 99.970357599074, "demands_fully_met": 98.75776397515527, "peak_current": 564.2456255535574, "demand_charge": 1820.3015276858202, "energy_cost": 1447.957388521073, "total_cost": 3268.2589162068934}