{"energy": 875.4952146415343, "demand_charge": 470.8505089808682, "charger_congestion": 96.8813798218342, "network_congestion": 1.9322367999941836, "session_price": 1445.1593402442068, "total": 1445.1593402442331, "energy_delivered": 6603.931655782516, "energy_requested": 6603.931655782553}