{"energy_cost": 875.4952146415351, "demand_charge": 470.8505089808707, "total_cost": 1346.3457236224058}