{"proportion_delivered": 99.98323568568983, "demands_fully_met": 99.60629921259843, "peak_current": 621.9199964055582, "demand_charge": 2006.3636620040434, "energy_cost": 1700.6918152529647, "total_cost": 3707.055477257008}