{"proportion_delivered": 99.99685667941019, "demands_fully_met": 100.0, "peak_current": 222.69538677015933, "demand_charge": 718.4331333514756, "energy_cost": 628.2071463604623, "total_cost": 1346.6402797119379}