{"proportion_delivered": 99.98863701007191, "demands_fully_met": 99.5742092457421, "peak_current": 574.2373330645964, "demand_charge": 1852.5355754530335, "energy_cost": 1745.5978305925703, "total_cost": 3598.133406045604}