{"proportion_delivered": 99.9962867716559, "demands_fully_met": 100.0, "peak_current": 226.39591649158515, "demand_charge": 730.371338275173, "energy_cost": 648.1400942360726, "total_cost": 1378.5114325112456}