{"energy": 629.0886674269028, "demand_charge": 584.9197004329153, "charger_congestion": 93.32399461182283, "network_congestion": 1.3622049451188316, "session_price": 1308.6945661932007, "total": 1308.6945674167596, "energy_delivered": 8426.996167182027, "energy_requested": 8426.996167186388}