{"energy_cost": 629.0886674269015, "demand_charge": 584.9197000098527, "total_cost": 1214.0083674367543}