{"proportion_delivered": 99.99965917320209, "demands_fully_met": 100.0, "peak_current": 201.74123618900643, "demand_charge": 650.8333672446299, "energy_cost": 962.8602006248752, "total_cost": 1613.6935678695052}