{"proportion_delivered": 99.99702529919084, "demands_fully_met": 100.0, "peak_current": 179.59673462754074, "demand_charge": 579.3934336472166, "energy_cost": 939.5652344553814, "total_cost": 1518.958668102598}