{"proportion_delivered": 99.99977831900684, "demands_fully_met": 100.0, "peak_current": 262.1176824923899, "demand_charge": 845.6126131350492, "energy_cost": 756.0326445919479, "total_cost": 1601.645257726997}