{"energy": 1025.4323539839793, "demand_charge": 584.7618903930305, "charger_congestion": 132.97705421742333, "network_congestion": 21.254604763667096, "session_price": 1764.425903336973, "total": 1764.425903358099, "energy_delivered": 7305.2278937693345, "energy_requested": 7305.22789376941}