{"energy_cost": 1025.4323539839809, "demand_charge": 584.7618903859815, "total_cost": 1610.1942443699622}