{"energy": 757.49601754452, "demand_charge": 717.5051150963184, "charger_congestion": 111.69499518741068, "network_congestion": 1.8720555481705756, "session_price": 1588.5681831308323, "total": 1588.5681833764195, "energy_delivered": 10205.622126283213, "energy_requested": 10205.622126284341}