{"energy_cost": 757.4960175445187, "demand_charge": 717.5051149670661, "total_cost": 1475.0011325115847}