{"proportion_delivered": 99.99994586678301, "demands_fully_met": 100.0, "peak_current": 227.29789346012063, "demand_charge": 733.2811881338259, "energy_cost": 650.9816369885932, "total_cost": 1384.2628251224191}