{"proportion_delivered": 99.99259671740572, "demands_fully_met": 99.69666329625885, "peak_current": 287.8748889080567, "demand_charge": 928.7074216085036, "energy_cost": 757.4033413634697, "total_cost": 1686.1107629719734}