{"proportion_delivered": 99.98265976861701, "demands_fully_met": 99.42816297355253, "peak_current": 489.07049183319856, "demand_charge": 1577.7805322932452, "energy_cost": 1569.7393708243244, "total_cost": 3147.51990311757}