{"proportion_delivered": 99.98131093740214, "demands_fully_met": 99.30124223602485, "peak_current": 561.7748523924878, "demand_charge": 1812.330615806357, "energy_cost": 1445.3742801724397, "total_cost": 3257.7048959787967}