{"proportion_delivered": 99.9948644359922, "demands_fully_met": 99.73136333109468, "peak_current": 736.3735177531535, "demand_charge": 2375.599878153094, "energy_cost": 2660.9434300970247, "total_cost": 5036.543308250119}