{"proportion_delivered": 99.9998815916624, "demands_fully_met": 100.0, "peak_current": 179.15614073721449, "demand_charge": 577.9720425095129, "energy_cost": 939.6747791433978, "total_cost": 1517.6468216529106}