{"energy": 1458.8278863250464, "demand_charge": 1599.8577099028876, "charger_congestion": 204.7284596358559, "network_congestion": 62.09824506017411, "session_price": 3325.512299502441, "total": 3325.512300923967, "energy_delivered": 18976.918199990796, "energy_requested": 18976.918199999982}