{"energy_cost": 1458.8278863250457, "demand_charge": 1599.8577092708972, "total_cost": 3058.6855955959427}