{"energy": 633.0924049192612, "demand_charge": 555.8993020861509, "charger_congestion": 42.23774348520342, "network_congestion": 0.3155905237929835, "session_price": 1231.5449900340025, "total": 1231.545041014409, "energy_delivered": 8245.230942223734, "energy_requested": 8245.230942434282}