{"energy_cost": 633.0924049192606, "demand_charge": 555.899284606498, "total_cost": 1188.9916895257586}