{"proportion_delivered": 99.99999554341815, "demands_fully_met": 100.0, "peak_current": 237.42408298757485, "demand_charge": 765.9490856445555, "energy_cost": 693.196305245997, "total_cost": 1459.1453908905523}