{"proportion_delivered": 99.99994909745017, "demands_fully_met": 100.0, "peak_current": 211.50648146070066, "demand_charge": 682.3368297107372, "energy_cost": 1026.8061679263428, "total_cost": 1709.14299763708}