{"proportion_delivered": 99.9875532614453, "demands_fully_met": 99.5742092457421, "peak_current": 574.8673854092813, "demand_charge": 1854.5681747211747, "energy_cost": 1745.4280779481944, "total_cost": 3599.996252669369}