{"proportion_delivered": 99.98152999367882, "demands_fully_met": 99.60629921259843, "peak_current": 629.947063836676, "demand_charge": 2032.2596237022233, "energy_cost": 1704.2880224516632, "total_cost": 3736.5476461538865}