{"energy": 2846.9276047822304, "demand_charge": 1948.693728092984, "charger_congestion": 336.0702023680306, "network_congestion": 257.6687922816948, "session_price": 5389.360327438505, "total": 5389.360327524932, "energy_delivered": 21415.141324999284, "energy_requested": 21415.14132499996}