{"energy_cost": 2846.9276047822236, "demand_charge": 1948.693728039042, "total_cost": 4795.621332821265}