{"proportion_delivered": 99.93992368151528, "demands_fully_met": 98.661800486618, "peak_current": 577.8547698446705, "demand_charge": 1864.2057159004944, "energy_cost": 1748.1065508368242, "total_cost": 3612.3122667373186}