{"proportion_delivered": 99.99540097710674, "demands_fully_met": 99.78323699421965, "peak_current": 735.5282833985463, "demand_charge": 2372.873084506382, "energy_cost": 2433.075912870351, "total_cost": 4805.948997376733}