{"proportion_delivered": 99.99984698914716, "demands_fully_met": 100.0, "peak_current": 203.17307536765287, "demand_charge": 655.4525949820776, "energy_cost": 997.7043174368752, "total_cost": 1653.1569124189527}