{"energy": 1573.2105832044135, "demand_charge": 1491.6919466971813, "charger_congestion": 137.25224745208317, "network_congestion": 77.44165768294789, "session_price": 3279.5964349514575, "total": 3279.5964350366235, "energy_delivered": 20819.121099999425, "energy_requested": 20819.121099999993}