{"energy_cost": 1573.21058320441, "demand_charge": 1491.6919466565419, "total_cost": 3064.902529860952}