{"proportion_delivered": 99.99583377352528, "demands_fully_met": 99.85704074338814, "peak_current": 469.2908646492606, "demand_charge": 1513.9698726276865, "energy_cost": 1570.7596125277028, "total_cost": 3084.7294851553893}