{"proportion_delivered": 99.99984987574257, "demands_fully_met": 100.0, "peak_current": 198.53308447913827, "demand_charge": 640.4836131764584, "energy_cost": 858.6102992644634, "total_cost": 1499.093912440922}