{"energy": 956.8668677757219, "demand_charge": 490.409285142587, "charger_congestion": 159.54063497704198, "network_congestion": 5.0720476878029, "session_price": 1611.8886928386335, "total": 1611.888835583155, "energy_delivered": 7184.088675605522, "energy_requested": 7184.088676105147}