{"energy_cost": 956.8668677757234, "demand_charge": 490.4092440947612, "total_cost": 1447.2761118704848}