{"proportion_delivered": 99.99999968034962, "demands_fully_met": 100.0, "peak_current": 223.2565628049482, "demand_charge": 720.2435321337874, "energy_cost": 631.3943752446294, "total_cost": 1351.637907378417}