{"proportion_delivered": 99.99664444659699, "demands_fully_met": 100.0, "peak_current": 185.5033901166576, "demand_charge": 598.4487767875468, "energy_cost": 650.4592634629804, "total_cost": 1248.9080402505272}