{"proportion_delivered": 99.99983083457856, "demands_fully_met": 100.0, "peak_current": 215.80057235393093, "demand_charge": 696.1899104595695, "energy_cost": 691.8414644432194, "total_cost": 1388.031374902789}