{"energy": 694.5798944043648, "demand_charge": 607.877416711088, "charger_congestion": 77.55908881683986, "network_congestion": 4.629655848084721, "session_price": 1384.6460242449853, "total": 1384.6460557803764, "energy_delivered": 9283.215764131744, "energy_requested": 9283.215764277187}