{"energy_cost": 694.5798944043637, "demand_charge": 607.877402808543, "total_cost": 1302.4572972129067}