{"energy": 652.4151469571145, "demand_charge": 528.0168841791738, "charger_congestion": 92.19963398686038, "network_congestion": 0.35172799981108255, "session_price": 1272.9833931226399, "total": 1272.983393122956, "energy_delivered": 8791.715754479997, "energy_requested": 8791.71575448028}