{"energy_cost": 652.4151469571153, "demand_charge": 528.0168841787887, "total_cost": 1180.432031135904}