{"energy": 1029.2690907497051, "demand_charge": 527.2274753543794, "charger_congestion": 152.24694636403441, "network_congestion": 1.2076472907412488, "session_price": 1709.951156606966, "total": 1709.9511597588614, "energy_delivered": 7297.800353025502, "energy_requested": 7297.8003530376245}