{"energy_cost": 1029.2690907497051, "demand_charge": 527.227474281089, "total_cost": 1556.496565030794}