{"proportion_delivered": 99.99999998816041, "demands_fully_met": 100.0, "peak_current": 226.0942030629705, "demand_charge": 729.3979866173879, "energy_cost": 872.7199975463807, "total_cost": 1602.1179841637686}