{"proportion_delivered": 99.99304114471937, "demands_fully_met": 99.73136333109468, "peak_current": 736.3477383427322, "demand_charge": 2375.516711712721, "energy_cost": 2660.8452778862575, "total_cost": 5036.361989598979}