{"energy": 1708.6227063911892, "demand_charge": 1657.4850470877916, "charger_congestion": 193.92490141506715, "network_congestion": 89.98591808190046, "session_price": 3650.018570629937, "total": 3650.018572975946, "energy_delivered": 22336.617599983016, "energy_requested": 22336.617600000023}