{"energy_cost": 1708.6227063911897, "demand_charge": 1657.4850458365588, "total_cost": 3366.1077522277483}