{"energy": 652.7282318724815, "demand_charge": 520.2678752211827, "charger_congestion": 63.831744171401404, "network_congestion": 0.49670252666614095, "session_price": 1237.3245110712062, "total": 1237.3245537917326, "energy_delivered": 8893.327035002703, "energy_requested": 8893.327035185186}