{"energy_cost": 652.7282318724813, "demand_charge": 520.2678612313128, "total_cost": 1172.996093103794}