{"proportion_delivered": 99.98186450120973, "demands_fully_met": 99.32840832773674, "peak_current": 744.1192517261348, "demand_charge": 2400.5882356086486, "energy_cost": 2674.379924191689, "total_cost": 5074.968159800337}