{"proportion_delivered": 99.9997932235681, "demands_fully_met": 100.0, "peak_current": 184.88088400058072, "demand_charge": 596.4405222565933, "energy_cost": 650.5483364579893, "total_cost": 1246.9888587145826}