{"proportion_delivered": 99.99126298845555, "demands_fully_met": 99.56268221574344, "peak_current": 498.4981308438674, "demand_charge": 1608.1948499527834, "energy_cost": 1507.3262997671131, "total_cost": 3115.5211497198966}